label,packet_count,byte_count,duration_seconds,avg_packet_size,packet_size_std,avg_interarrival_ms,interarrival_std_ms,bytes_ratio_in_out,burst_count
Web Browsing,159,111841,25.615,703.41,488.86,110.63,168.29,0.54,9
Web Browsing,121,94997,15.671,785.11,422.19,129.68,84.34,0.143,6
Web Browsing,99,75013,10.938,757.71,395.52,178.63,168.71,0.358,5
Web Browsing,118,86530,19.878,733.31,380.94,95.97,165.42,0.278,11
Web Browsing,139,82437,11.896,593.07,499.35,128.35,82.02,0.191,8
Web Browsing,169,125155,16.494,740.56,443.06,60.86,144.01,0.295,10
Web Browsing,153,77790,16.075,508.44,469.45,92.92,210.58,0.474,9
Web Browsing,106,72386,22.878,682.89,469.88,100.83,170.72,0.217,5
Web Browsing,172,151832,23.018,882.75,445.68,134.47,147.74,0.393,11
Web Browsing,138,125270,22.11,907.76,292.82,123.48,165.05,0.361,4
Web Browsing,131,99933,15.409,762.85,538.67,87.66,154.91,0.46,8
Web Browsing,118,92227,22.843,781.59,455.82,91.92,163.62,0.303,5
Web Browsing,151,113450,16.827,751.33,450.31,63.39,158.97,0.309,6
Web Browsing,133,102208,18.873,768.49,563.17,130.3,176.28,0.12,7
Web Browsing,142,144213,19.508,1015.59,438.46,118.61,121.57,0.487,9
Web Browsing,171,104459,10.991,610.87,534.17,143.47,289.52,0.231,6
Web Browsing,143,94320,18.343,659.58,356.96,77.51,203.68,0.24,11
Web Browsing,108,73586,11.846,681.35,498.81,129.1,245.36,0.157,8
Web Browsing,150,122072,11.398,813.82,375.78,140.88,194.85,0.38,8
Web Browsing,112,83761,14.428,747.87,467.58,194.63,203.69,0.207,9
Web Browsing,101,82259,13.897,814.45,519.52,158.54,200.64,0.449,11
Web Browsing,130,81841,13.921,629.55,396.63,116.92,197.06,0.383,9
Web Browsing,140,125219,31.601,894.42,434.12,145.03,137.14,0.221,8
Web Browsing,131,105544,17.636,805.68,478.39,86.13,104.26,0.296,9
Web Browsing,148,84435,19.927,570.51,460.39,84.65,187.69,0.357,5
Web Browsing,154,121243,23.269,787.29,514.98,64.89,133.11,0.412,9
Web Browsing,160,189172,23.678,1182.33,484.25,158.16,212.57,0.312,9
Web Browsing,109,75382,18.409,691.58,420.88,212.59,86.64,0.432,4
Web Browsing,121,102931,12.611,850.67,453.86,91.39,213.98,0.262,8
Web Browsing,141,90494,21.17,641.81,578.64,38.99,189.32,0.271,9
Web Browsing,108,76273,22.329,706.23,480.3,71.99,163.27,0.293,6
Web Browsing,210,161405,22.589,768.6,374.35,204.89,231.62,0.168,7
Web Browsing,190,120665,21.873,635.08,476.63,82.92,177.02,0.001,5
Web Browsing,129,73564,10.849,570.27,547.94,102.4,186.54,0.523,5
Web Browsing,186,134148,20.311,721.23,391.11,127.96,149.99,0.358,7
Web Browsing,144,115121,11.811,799.46,545.16,205.32,82.4,0.332,9
Web Browsing,151,97436,15.535,645.28,437.51,96.43,222.48,0.393,6
Web Browsing,175,132453,21.148,756.88,498.77,86.84,151.99,0.44,9
Web Browsing,139,102037,15.042,734.08,526.66,141.88,169.89,0.324,10
Web Browsing,173,141448,18.105,817.62,528.33,147.28,164.49,0.389,7
Web Browsing,143,113172,28.462,791.42,400.91,79.76,119.29,0.489,9
Web Browsing,164,130445,13.514,795.4,449.27,123.03,146.14,0.467,7
Web Browsing,106,72231,15.181,681.43,474.78,87.11,192.18,0.379,6
Web Browsing,121,90489,10.963,747.85,363.11,91.26,169.33,0.387,10
Web Browsing,174,121940,12.987,700.81,448.86,119.26,165.57,0.389,6
Web Browsing,160,144628,20.009,903.93,443.47,147.61,159.94,0.377,8
Web Browsing,143,89695,20.49,627.24,451.47,178.05,227.96,0.608,6
Web Browsing,174,129108,13.959,742.0,581.39,86.41,150.03,0.095,6
Web Browsing,109,80447,27.381,738.05,470.51,158.02,151.15,0.242,8
Web Browsing,87,81760,15.654,939.78,520.77,51.47,247.69,0.336,10
VoIP,372,64284,7.463,172.81,15.02,19.1,4.62,0.935,1
VoIP,509,94762,9.618,186.17,17.85,16.93,5.28,1.047,1
VoIP,624,113186,12.514,181.39,19.72,24.12,5.76,1.0,2
VoIP,551,108229,11.363,196.42,11.14,22.12,2.24,0.925,1
VoIP,478,90155,9.597,188.61,21.01,23.26,2.62,0.884,1
VoIP,530,95192,10.555,179.61,6.73,17.39,4.67,1.049,1
VoIP,458,76618,9.638,167.29,14.75,18.03,4.5,0.978,1
VoIP,491,82280,9.221,167.58,12.79,23.93,4.04,0.964,2
VoIP,491,87078,10.199,177.35,17.46,18.94,3.42,0.998,1
VoIP,378,74240,7.435,196.4,21.58,21.15,4.31,1.266,3
VoIP,489,82412,9.882,168.53,8.57,18.49,2.58,0.968,1
VoIP,634,120827,13.42,190.58,14.97,20.15,3.14,1.142,2
VoIP,417,74107,7.649,177.72,11.5,21.85,5.91,0.908,2
VoIP,447,77847,8.508,174.15,12.63,20.1,3.17,1.042,1
VoIP,480,81172,9.978,169.11,12.69,21.0,3.02,1.028,2
VoIP,366,68266,7.605,186.52,12.35,18.47,2.2,0.89,2
VoIP,520,87957,9.569,169.15,17.55,19.87,2.79,0.968,2
VoIP,431,75591,8.332,175.39,19.03,21.67,2.87,1.062,3
VoIP,302,51472,5.938,170.44,17.31,20.74,3.4,1.027,1
VoIP,593,108550,11.654,183.05,16.35,19.02,3.57,1.052,1
VoIP,523,107165,10.297,204.9,18.48,22.4,3.59,0.857,1
VoIP,350,61523,7.838,175.78,15.07,20.65,3.78,1.086,1
VoIP,518,98031,10.932,189.25,9.09,20.68,3.58,1.071,4
VoIP,514,94051,9.855,182.98,13.16,21.66,3.14,1.026,1
VoIP,538,98994,10.505,184.0,19.15,19.46,3.02,0.984,2
VoIP,560,94603,11.878,168.93,18.48,20.83,5.88,0.958,1
VoIP,357,70669,7.112,197.95,17.62,20.56,2.87,1.216,2
VoIP,508,95864,10.272,188.71,16.92,18.42,4.47,1.171,3
VoIP,627,109013,12.477,173.87,11.04,20.11,5.09,0.885,3
VoIP,487,85165,8.913,174.88,10.95,21.65,4.07,0.917,1
VoIP,473,94613,8.708,200.03,13.96,19.51,3.73,0.804,1
VoIP,481,90598,10.183,188.35,22.4,19.46,2.89,1.226,2
VoIP,501,90034,9.948,179.71,15.79,18.85,3.45,1.017,1
VoIP,442,80124,9.592,181.28,13.98,14.7,5.09,1.12,1
VoIP,472,82856,9.051,175.54,9.37,17.78,5.75,1.095,3
VoIP,557,92713,11.385,166.45,12.9,17.56,4.71,1.001,1
VoIP,556,103044,11.7,185.33,13.56,17.84,4.62,1.067,1
VoIP,526,86782,10.428,164.99,18.7,18.95,5.05,0.964,1
VoIP,375,70227,8.377,187.27,9.88,15.84,5.7,1.037,1
VoIP,456,84264,9.672,184.79,14.85,20.23,4.15,0.991,1
VoIP,524,83566,10.852,159.48,9.61,20.34,3.82,1.021,2
VoIP,456,77821,8.631,170.66,15.78,20.82,2.3,1.102,2
VoIP,520,99731,10.907,191.79,21.66,16.32,2.72,0.97,2
VoIP,541,92668,10.442,171.29,15.75,18.78,2.59,0.946,1
VoIP,421,81102,9.736,192.64,11.2,20.99,4.18,0.951,2
VoIP,453,82203,9.012,181.46,25.24,22.3,3.3,1.017,3
VoIP,449,90585,8.699,201.75,17.83,21.26,4.97,1.07,1
VoIP,441,78070,9.13,177.03,14.7,20.36,2.66,1.05,2
VoIP,544,104975,11.11,192.97,18.34,19.86,2.34,1.054,2
VoIP,521,85797,10.947,164.68,10.68,19.92,4.68,1.022,2
Video Streaming,2081,2682486,40.377,1289.04,192.88,12.83,20.14,0.087,16
Video Streaming,2176,2755520,40.603,1266.32,184.39,22.23,23.18,0.111,12
Video Streaming,1880,2581950,55.655,1373.38,192.47,12.41,30.46,0.149,16
Video Streaming,1666,2344400,39.771,1407.2,237.39,12.9,20.31,0.04,14
Video Streaming,1498,1908350,47.342,1273.93,188.96,22.75,16.01,0.11,17
Video Streaming,1785,2428473,48.824,1360.49,156.32,15.83,24.95,0.089,27
Video Streaming,1608,2071329,39.445,1288.14,171.31,11.81,29.13,0.123,15
Video Streaming,1550,2089841,51.329,1348.28,173.43,16.01,12.91,0.126,25
Video Streaming,1616,2095528,48.345,1296.74,198.58,18.29,34.06,0.075,14
Video Streaming,1386,1768735,62.946,1276.14,189.01,12.41,23.34,0.08,22
Video Streaming,2558,3295082,55.442,1288.15,175.32,18.41,33.08,0.098,16
Video Streaming,1977,2741154,50.073,1386.52,214.61,20.33,29.02,0.121,20
Video Streaming,1749,2324076,36.831,1328.8,226.2,16.84,19.64,0.081,23
Video Streaming,1857,2456413,52.463,1322.79,149.2,18.23,34.98,0.071,18
Video Streaming,1874,2651048,47.79,1414.65,187.14,18.04,23.12,0.067,18
Video Streaming,2122,2670344,37.999,1258.41,193.99,20.98,12.86,0.063,19
Video Streaming,2269,2986128,63.812,1316.05,173.34,7.76,8.81,0.093,15
Video Streaming,1493,2034214,39.359,1362.5,197.31,8.6,27.23,0.1,17
Video Streaming,2353,2954885,38.081,1255.79,144.23,14.77,23.46,0.073,19
Video Streaming,1424,2003035,56.173,1406.63,187.54,16.71,24.74,0.097,19
Video Streaming,1992,2788300,52.09,1399.75,195.9,14.55,30.64,0.06,25
Video Streaming,1787,2205432,38.189,1234.15,193.84,19.2,18.08,0.067,10
Video Streaming,1664,1954479,52.604,1174.57,142.48,18.93,24.55,0.051,17
Video Streaming,1798,2248395,53.774,1250.5,235.1,13.9,22.16,0.086,9
Video Streaming,1725,2206414,42.189,1279.08,159.95,23.99,25.85,0.063,20
Video Streaming,2219,3052185,38.531,1375.48,191.79,18.49,24.36,0.107,20
Video Streaming,2114,2722590,46.976,1287.89,229.52,25.38,17.86,0.132,18
Video Streaming,1604,2070710,49.242,1290.97,180.39,17.61,18.56,0.079,26
Video Streaming,2318,3120443,46.2,1346.18,191.14,18.07,15.86,0.072,11
Video Streaming,1919,2607598,60.74,1358.83,175.5,8.87,13.21,0.087,22
Video Streaming,2305,2979136,44.615,1292.47,222.36,14.14,27.3,0.1,11
Video Streaming,2242,3145089,48.958,1402.81,171.23,17.47,23.56,0.063,15
Video Streaming,1792,2491531,41.294,1390.36,206.31,18.86,4.91,0.114,11
Video Streaming,1691,2118518,56.608,1252.82,151.16,12.66,24.08,0.079,19
Video Streaming,1823,2266026,40.062,1243.02,219.89,7.22,19.43,0.125,21
Video Streaming,1695,2201880,65.767,1299.04,180.35,16.91,24.58,0.111,18
Video Streaming,1722,2252753,44.628,1308.22,187.85,18.64,22.31,0.102,17
Video Streaming,1823,2187796,48.465,1200.11,217.49,19.99,4.62,0.143,17
Video Streaming,2132,2681215,34.466,1257.61,208.38,11.88,33.48,0.074,18
Video Streaming,2061,2781816,48.65,1349.74,194.51,27.02,21.65,0.086,22
Video Streaming,2131,2964693,33.57,1391.22,209.16,23.17,15.12,0.089,14
Video Streaming,1780,2384711,49.219,1339.73,199.64,23.07,24.72,0.073,21
Video Streaming,2156,2687116,52.012,1246.34,207.92,13.51,30.25,0.075,18
Video Streaming,1748,2308993,30.599,1320.93,157.11,22.97,16.92,0.05,9
Video Streaming,1608,1994908,55.098,1240.61,239.26,11.56,35.51,0.109,16
Video Streaming,1050,1530329,28.546,1457.46,148.31,20.11,36.64,0.122,20
Video Streaming,1978,2712243,47.812,1371.2,212.77,15.52,21.62,0.057,16
Video Streaming,1292,1697816,33.964,1314.1,160.34,15.9,30.35,0.108,11
Video Streaming,1503,2068798,42.754,1376.45,160.53,17.75,16.19,0.083,12
Video Streaming,1619,2168143,49.405,1339.19,142.21,14.9,25.31,0.087,23
Email,62,31970,14.173,515.65,324.89,242.93,161.62,0.51,3
Email,31,21388,9.228,689.97,270.25,196.9,195.8,0.591,5
Email,46,26326,20.581,572.32,286.59,168.74,172.39,0.777,4
Email,56,30218,11.412,539.61,321.75,297.83,248.42,0.539,2
Email,58,43869,18.556,756.38,287.85,340.66,137.86,0.764,5
Email,52,27753,7.941,533.71,296.73,201.04,111.04,0.657,3
Email,64,27233,15.334,425.53,333.24,120.38,174.96,0.896,2
Email,93,54267,11.777,583.52,291.8,273.5,163.04,0.758,3
Email,63,27524,8.384,436.9,315.55,195.87,209.44,0.868,4
Email,38,19938,12.567,524.69,368.52,379.16,175.73,0.688,3
Email,62,33343,15.827,537.8,348.32,192.84,106.75,0.283,4
Email,37,13977,21.972,377.77,335.54,239.64,193.54,0.666,3
Email,78,41088,13.287,526.78,330.7,199.91,199.68,0.615,3
Email,70,33468,11.964,478.12,321.13,305.15,178.99,0.645,4
Email,87,51732,6.753,594.62,320.41,176.09,147.79,0.528,3
Email,61,36134,13.946,592.38,317.18,243.87,80.98,0.462,3
Email,35,20929,16.875,597.99,381.23,227.19,219.63,0.68,3
Email,47,24712,12.682,525.8,304.47,249.63,160.12,0.737,5
Email,78,33634,15.737,431.21,217.84,157.99,151.01,0.416,2
Email,70,42751,1.636,610.73,296.94,207.23,175.67,0.354,4
Email,59,35184,8.108,596.34,324.78,311.79,153.66,0.645,3
Email,51,24440,18.847,479.22,313.08,157.69,95.46,0.944,3
Email,46,29126,19.304,633.19,295.78,280.68,140.48,1.081,3
Email,74,42471,18.246,573.94,372.07,241.92,129.86,0.742,3
Email,100,56092,12.739,560.92,305.39,159.17,121.14,0.89,3
Email,39,23124,14.876,592.93,367.43,299.76,129.73,0.366,5
Email,53,28086,14.225,529.93,373.13,267.35,246.6,0.521,4
Email,61,34860,14.031,571.49,381.14,272.3,202.9,0.577,3
Email,39,15314,7.587,392.69,402.25,226.72,148.93,0.711,4
Email,77,38758,13.13,503.35,313.32,225.08,224.29,0.748,4
Email,73,47003,6.813,643.88,327.24,263.98,133.95,0.544,4
Email,84,46342,18.809,551.7,332.35,254.45,264.07,0.763,2
Email,75,43536,14.693,580.49,371.59,231.69,111.03,0.608,3
Email,48,28660,13.579,597.09,386.8,168.25,177.78,0.889,3
Email,57,31416,14.593,551.18,288.6,232.74,176.78,0.473,3
Email,74,38492,10.401,520.17,389.08,253.48,197.3,0.366,2
Email,29,18879,22.233,651.01,297.93,206.15,167.38,0.958,6
Email,101,65313,14.37,646.67,360.96,286.7,137.95,0.486,3
Email,56,28769,15.821,513.74,347.86,245.3,219.1,0.422,3
Email,45,18030,11.513,400.68,316.69,330.81,185.23,0.445,5
Email,84,50111,8.162,596.57,310.94,217.67,203.55,1.027,5
Email,50,23021,4.926,460.43,325.64,259.39,154.1,0.557,2
Email,70,35516,1.5,507.38,273.2,238.35,230.89,0.982,3
Email,47,27612,13.207,587.5,280.06,285.96,209.08,0.63,3
Email,42,20321,13.469,483.85,310.94,294.82,127.87,0.949,3
Email,59,28923,15.536,490.22,223.03,284.21,148.75,0.663,4
Email,28,14214,6.983,507.68,351.77,257.61,105.74,0.743,3
Email,27,17365,8.759,643.18,290.62,252.03,205.95,0.447,4
Email,68,41170,10.532,605.45,327.06,190.34,163.45,0.436,1
Email,68,42317,7.961,622.31,225.48,277.15,242.3,0.654,3
Messaging,23,7704,18.606,335.0,77.08,753.45,304.67,0.881,4
Messaging,27,7287,12.494,269.91,84.16,1026.62,392.22,0.805,6
Messaging,27,6748,34.188,249.93,81.47,872.65,256.17,1.08,2
Messaging,39,12604,35.248,323.2,81.05,863.57,485.28,0.971,2
Messaging,19,6102,21.771,321.2,83.3,658.98,442.36,1.366,1
Messaging,25,8412,28.619,336.49,88.41,637.52,442.83,0.803,3
Messaging,34,13041,27.606,383.58,101.59,888.88,364.68,0.935,2
Messaging,26,8650,34.119,332.7,69.87,1113.42,388.19,0.32,2
Messaging,35,9767,20.962,279.09,70.01,1018.12,454.67,0.79,2
Messaging,21,5105,22.421,243.1,122.31,1093.43,552.13,1.1,2
Messaging,28,7812,27.595,279.03,71.93,614.19,518.77,0.734,3
Messaging,27,7280,21.201,269.64,101.73,1024.26,265.4,0.882,4
Messaging,16,4046,26.437,252.89,100.28,920.13,448.92,1.009,4
Messaging,28,7569,40.199,270.35,103.45,823.47,302.55,1.127,2
Messaging,7,2197,24.276,313.9,79.29,916.4,419.05,1.027,2
Messaging,29,7818,29.923,269.62,104.78,662.91,508.6,0.716,3
Messaging,27,9545,22.205,353.53,85.53,846.12,369.68,1.05,1
Messaging,16,3796,38.685,237.29,109.01,829.11,383.12,0.868,4
Messaging,17,4922,29.009,289.53,109.5,887.92,500.1,0.174,3
Messaging,19,3928,35.989,206.77,100.22,822.51,495.29,1.253,4
Messaging,38,11768,12.184,309.69,91.51,800.79,315.68,1.393,2
Messaging,25,7551,38.56,302.06,90.87,725.47,419.46,0.664,1
Messaging,20,5570,19.461,278.52,81.41,568.74,391.69,0.474,3
Messaging,25,5542,18.983,221.7,83.82,913.83,534.05,0.381,3
Messaging,23,7057,18.984,306.85,94.26,786.19,320.4,1.119,3
Messaging,40,11102,12.89,277.57,75.83,489.37,241.59,0.917,3
Messaging,12,3789,26.174,315.8,80.34,1172.44,489.68,0.783,2
Messaging,7,1758,17.103,251.23,85.78,823.75,407.69,0.794,2
Messaging,26,7739,36.287,297.68,68.19,830.28,401.88,1.027,3
Messaging,32,9327,27.892,291.48,77.75,621.25,410.86,0.842,2
Messaging,23,4708,25.743,204.73,79.03,881.97,297.23,1.166,2
Messaging,32,9506,39.202,297.09,77.08,611.27,491.92,1.1,2
Messaging,36,9719,27.083,270.0,95.77,823.14,481.08,1.048,1
Messaging,35,7472,34.014,213.5,110.65,631.81,358.92,0.574,2
Messaging,22,6846,36.165,311.19,116.21,737.57,379.08,0.429,2
Messaging,32,11027,20.26,344.62,65.31,844.72,428.02,0.648,3
Messaging,21,5867,25.051,279.42,100.93,762.72,389.04,0.828,2
Messaging,22,7566,22.636,343.95,101.22,989.39,366.62,1.143,3
Messaging,24,7149,15.986,297.91,58.58,611.21,414.29,1.283,5
Messaging,30,9001,20.659,300.03,53.98,692.44,337.92,0.808,2
Messaging,9,2789,26.914,309.92,68.55,1264.82,308.06,0.217,2
Messaging,33,11825,28.974,358.33,65.41,756.94,389.41,1.511,1
Messaging,27,8065,25.784,298.71,111.72,911.61,360.84,0.917,2
Messaging,29,7691,24.766,265.22,97.54,1075.21,394.86,0.407,4
Messaging,17,4315,35.996,253.85,78.09,422.87,713.77,1.114,3
Messaging,24,6994,30.162,291.42,100.42,961.12,408.96,0.801,2
Messaging,23,7483,3.0,325.35,101.87,981.18,419.47,0.845,2
Messaging,33,10490,28.256,317.9,74.54,655.67,262.04,0.693,3
Messaging,32,9616,29.129,300.52,104.5,721.7,443.19,1.05,3
Messaging,34,10483,33.561,308.33,97.03,844.7,311.81,0.809,2
ICMP,26,2168,25.969,83.42,1.21,971.6,10.85,1.0,1
ICMP,25,2165,24.839,86.64,2.94,988.56,6.92,0.991,1
ICMP,34,2829,33.8,83.22,1.74,1009.53,5.04,1.001,1
ICMP,31,2772,30.698,89.44,0.69,1002.76,17.2,1.012,1
ICMP,31,2543,30.903,82.03,2.81,1007.15,12.02,1.011,1
ICMP,43,3679,42.997,85.57,1.49,973.46,7.22,0.996,1
ICMP,27,2284,27.112,84.61,1.18,1000.0,9.96,0.997,1
ICMP,30,2619,29.934,87.3,1.13,995.44,4.62,0.992,1
ICMP,27,2362,27.019,87.5,2.26,1012.76,9.45,1.004,1
ICMP,29,2466,28.756,85.06,1.42,997.99,15.69,1.009,1
ICMP,34,3024,34.02,88.94,2.09,990.74,8.74,1.006,1
ICMP,36,3003,36.0,83.44,1.55,1009.02,4.22,0.977,1
ICMP,27,2136,26.985,79.12,1.49,993.2,15.81,1.003,1
ICMP,31,2681,31.104,86.49,0.86,998.86,12.68,0.989,1
ICMP,22,1919,21.91,87.27,2.38,986.96,14.5,0.988,1
ICMP,38,3055,37.967,80.4,2.64,1009.05,7.82,0.998,1
ICMP,30,2399,29.949,79.99,2.74,996.57,6.02,0.974,1
ICMP,29,2715,28.998,93.65,2.78,996.06,10.09,1.005,1
ICMP,24,2122,24.072,88.46,2.72,1006.58,10.08,1.007,1
ICMP,32,2642,32.01,82.58,1.43,1023.24,5.04,0.985,1
ICMP,30,2526,30.024,84.2,2.17,996.65,15.96,0.984,1
ICMP,25,2089,24.982,83.59,0.5,1024.92,10.08,1.002,1
ICMP,23,1875,22.968,81.53,1.62,1019.22,12.23,0.989,1
ICMP,31,2665,31.158,85.99,3.14,984.77,6.76,0.987,1
ICMP,28,2404,27.992,85.87,2.99,995.2,10.61,0.992,1
ICMP,40,3102,40.202,77.57,2.18,1000.1,9.24,0.996,1
ICMP,29,2595,29.153,89.49,0.5,978.64,8.93,0.996,1
ICMP,32,2483,32.202,77.61,2.46,979.55,10.76,0.993,1
ICMP,32,2690,32.049,84.08,1.36,1027.07,9.24,1.007,1
ICMP,23,1844,23.148,80.17,2.47,1005.33,8.75,1.0,1
ICMP,23,1987,22.955,86.42,2.88,992.95,11.06,0.996,1
ICMP,29,2679,28.964,92.4,1.75,990.29,12.98,0.998,1
ICMP,26,2321,25.94,89.29,3.42,972.0,14.03,0.993,1
ICMP,33,2511,32.879,76.12,2.89,1010.96,10.06,0.99,1
ICMP,27,2342,27.058,86.75,2.11,1029.65,3.74,1.016,1
ICMP,30,2412,29.981,80.4,0.67,1013.82,9.49,1.015,1
ICMP,22,1846,22.036,83.95,0.75,1013.3,8.32,0.974,1
ICMP,30,2572,30.124,85.75,2.4,983.93,12.72,1.012,1
ICMP,21,1790,20.992,85.28,1.5,1005.22,8.05,0.993,1
ICMP,30,2389,30.068,79.65,0.91,982.77,12.67,1.005,1
ICMP,21,1707,20.902,81.29,3.19,993.03,11.85,1.008,1
ICMP,28,2285,28.174,81.61,3.42,1014.68,10.34,0.992,1
ICMP,25,2152,25.14,86.09,2.42,1009.76,3.99,1.011,1
ICMP,25,2061,25.2,82.46,2.25,1046.65,12.43,0.998,1
ICMP,32,2801,32.18,87.55,1.68,1003.45,11.99,1.007,1
ICMP,32,2795,31.944,87.36,1.38,983.5,11.76,1.008,1
ICMP,32,2902,32.067,90.7,1.99,983.62,8.45,1.007,1
ICMP,34,2816,33.848,82.82,1.93,994.64,13.56,1.006,1
ICMP,32,2694,31.934,84.2,2.01,1010.48,11.68,1.005,1
ICMP,27,2035,26.952,75.39,3.1,987.06,12.77,0.996,1
